﻿<?xml version="1.0" encoding="utf-8" ?>
<profile>
  <environments>
    <!--所有属性及XML节点名称均需要区分大小写-->
    <!--name属性的命名可以随意进行，只要符合Windows的文件夹名规范即可，下文中的类似prd_iis7_net4的节点名称就是依据此属性而得来的，很多
      同事会以target来命名，这是不太理想的-->
    <!--target属性可以是dev,test等属性，是用来区分当前环境的-->
    <!--iis属性可以是IIS6,IIS7或者ALL-->
    <!--net属性可以是NET2，NET4或者ALL-->
    <!--dataCenter属性，可以是如下值: sh,nt,sh2或者ALL，也可以是sh,nt,sh2中任意多个值的并集，以逗号分隔-->
    <!--以上5个属性共同组成了一个元数据，可以唯一的标识一个环境-->
    <add name="dev" dataCenter="sh" target="dev" iis="ALL" net="ALL" />
    <add name="test" target="test" iis="ALL" net="ALL" dataCenter="ALL" />
    <add name="fws" target="fws" iis="ALL" net="ALL" dataCenter="ALL" />
    <add name="fat" target="fat" iis="ALL" net="ALL" dataCenter="ALL" />
    <add name="lpt" target="lpt" iis="ALL" net="ALL" dataCenter="ALL" />
    <add name="prd" target="prd" iis="ALL" net="ALL" dataCenter="ALL" />
    <add dataCenter="sh,nt" iis="IIS6,IIS7" name="uat_nt" net="Net2,Net4" target="uat_nt"/>
  </environments>
  <!--可选节点，1.3.9版本加入的功能，支持自定义验证-->
  <validates files="Validate.xml;"></validates>
  <!--environments节点有多少个子节点，则下文中必须出现同样数量的节点，且名称必须与上文中的name属性一致-->
  <fat>
    <restfullApi>m.ctrip.com</restfullApi>
  </fat>
  <lpt>
    <restfullApi>dd.qa.nt.ctripcorp.com</restfullApi>
  </lpt>
  <dev>
    <restfullApi>http://localhost:2000/restful/</restfullApi>
  </dev>
  <prd>
    <restfullApi>http://localhost:2000/soa/</restfullApi>
    <restfullApi1>http://localhost:2000/soa/</restfullApi1>
  </prd>
  <test>
    <restfullApi>dd.qa.nt.ctripcorp.com</restfullApi>
  </test>
  <fws>
    <restfullApi>dd.qa.nt.ctripcorp.com</restfullApi>
  </fws>
  <uat>
    <restfullApi>dd.qa.nt.ctripcorp.com</restfullApi>
  </uat>
  <uat_nt>
    <restfullApi>dd.qa.nt.ctripcorp.com</restfullApi>
  </uat_nt>
</profile>