﻿<?xml version="1.0" encoding="utf-8" ?>
<profile>
  <environments>

    <add name="dev" dataCenter="ALL" target="dev" iis="ALL" net="ALL" />

    <add name="testp" dataCenter="ALL" target="test" iis="ALL" net="ALL" />

    <add name="uat" dataCenter="ALL" target="uat" iis="ALL" net="ALL" />

    <add name="uat_nt" dataCenter="ALL" target="uat_nt" iis="ALL" net="ALL" />

    <add name="fws" dataCenter="ALL" target="fws" iis="ALL" net="ALL" />

    <add name="fat" dataCenter="ALL" target="fat" iis="ALL" net="ALL" />

    <add name="lpt" dataCenter="ALL" target="lpt" iis="ALL" net="ALL" />

    <add name="prd" dataCenter="ALL" target="prd" iis="ALL" net="ALL" />

  </environments>


  <dev>
    <SeoProxy_ProxyIP></SeoProxy_ProxyIP>
    <SeoProxy_ProxyPort></SeoProxy_ProxyPort>
    <SeoProxy_IsOpenProxy>false</SeoProxy_IsOpenProxy>
    <LoggingServer.V2.IP>192.168.82.58</LoggingServer.V2.IP>
    <LoggingServer.V2.Port>63100</LoggingServer.V2.Port>
  </dev>

  <testp>
    <SeoProxy_ProxyIP></SeoProxy_ProxyIP>
    <SeoProxy_ProxyPort></SeoProxy_ProxyPort>
    <SeoProxy_IsOpenProxy>false</SeoProxy_IsOpenProxy>
    <LoggingServer.V2.IP>192.168.82.58</LoggingServer.V2.IP>
    <LoggingServer.V2.Port>63100</LoggingServer.V2.Port>
  </testp>

  <uat>
    <SeoProxy_ProxyIP></SeoProxy_ProxyIP>
    <SeoProxy_ProxyPort></SeoProxy_ProxyPort>
    <SeoProxy_IsOpenProxy>false</SeoProxy_IsOpenProxy>
    <LoggingServer.V2.IP>192.168.82.58</LoggingServer.V2.IP>
    <LoggingServer.V2.Port>63100</LoggingServer.V2.Port>
  </uat>

  <uat_nt>
    <SeoProxy_ProxyIP>10.2.6.203</SeoProxy_ProxyIP>
    <SeoProxy_ProxyPort>81</SeoProxy_ProxyPort>
    <SeoProxy_IsOpenProxy>true</SeoProxy_IsOpenProxy>
    <LoggingServer.V2.IP>collector.logging.uat.qa.nt.ctripcorp.com</LoggingServer.V2.IP>
    <LoggingServer.V2.Port>63100</LoggingServer.V2.Port>
  </uat_nt>

  <fws>
    <SeoProxy_ProxyIP>10.2.6.203</SeoProxy_ProxyIP>
    <SeoProxy_ProxyPort>81</SeoProxy_ProxyPort>
    <SeoProxy_IsOpenProxy>true</SeoProxy_IsOpenProxy>
    <LoggingServer.V2.IP>collector.logging.fws.qa.nt.ctripcorp.com</LoggingServer.V2.IP>
    <LoggingServer.V2.Port>63100</LoggingServer.V2.Port>
  </fws>

  <fat>
    <SeoProxy_ProxyIP>10.2.6.203</SeoProxy_ProxyIP>
    <SeoProxy_ProxyPort>81</SeoProxy_ProxyPort>
    <SeoProxy_IsOpenProxy>true</SeoProxy_IsOpenProxy>
    <LoggingServer.V2.IP>collector.logging.fws.qa.nt.ctripcorp.com</LoggingServer.V2.IP>
    <LoggingServer.V2.Port>63100</LoggingServer.V2.Port>
  </fat>

  <lpt>
    <SeoProxy_ProxyIP>10.2.6.203</SeoProxy_ProxyIP>
    <SeoProxy_ProxyPort>81</SeoProxy_ProxyPort>
    <SeoProxy_IsOpenProxy>true</SeoProxy_IsOpenProxy>
    <LoggingServer.V2.IP>collector.logging.fws.qa.nt.ctripcorp.com</LoggingServer.V2.IP>
    <LoggingServer.V2.Port>63100</LoggingServer.V2.Port>
  </lpt>

  <prd>
    <SeoProxy_ProxyIP></SeoProxy_ProxyIP>
    <SeoProxy_ProxyPort></SeoProxy_ProxyPort>
    <SeoProxy_IsOpenProxy>false</SeoProxy_IsOpenProxy>
    <LoggingServer.V2.IP>collector.logging.sh.ctriptravel.com</LoggingServer.V2.IP>
    <LoggingServer.V2.Port>63100</LoggingServer.V2.Port>
  </prd>

</profile>